title,channel,views,likes,comments,publish_date,trending_date,category_id,category_name,likes_per_view,comments_per_view
The Fantastic Four: First Steps | Official Trailer | Only in Theaters July 25,Marvel Entertainment,5628470,283935,20200,2025-04-17 14:00:08+00:00,2025-04-17 14:50:46.885658,24,Entertainment,0.05044621362466176,0.003588897160329539
28 YEARS LATER - New Trailer,Sony Pictures Entertainment,2446163,99260,7191,2025-04-17 07:01:06+00:00,2025-04-17 14:50:46.885792,1,Film & Animation,0.040577835573508386,0.002939705980345545
Khlo√© Kardashian: I‚Äôm Done with NBA Players (Full Episode),Call Her Daddy,1125019,28653,3582,2025-04-16 09:00:50+00:00,2025-04-17 14:50:46.885809,24,Entertainment,0.025468903191857205,0.003183946226685949
√Ångela Aguilar - Nadie Se Va Como Lleg√≥ (Video Oficial),Angela Aguilar Oficial,845766,40591,11070,2025-04-17 00:00:06+00:00,2025-04-17 14:50:46.885819,10,Music,0.04799318014675454,0.013088726669078682
Marvel Studios‚Äô Thunderbolts* | Final Trailer | In Theaters May 2,Marvel Entertainment,2752633,100184,5485,2025-04-16 19:00:01+00:00,2025-04-17 14:50:46.885828,24,Entertainment,0.036395698227842214,0.001992637594623039
Real Madrid vs. Arsenal: Extended Highlights | UCL Quarter-final Leg 2 | CBS Sports Golazo,CBS Sports Golazo,973788,13067,2318,2025-04-16 21:53:05+00:00,2025-04-17 14:50:46.885837,17,Sports,0.013418731797886193,0.002380394911418091
60 Things AMP Can‚Äôt Live Without | 10 Essentials,GQ,1384084,53186,2015,2025-04-16 16:00:14+00:00,2025-04-17 14:50:46.885845,24,Entertainment,0.038426858485467646,0.0014558364954728182
mgk - Empty Out Your Pockets (Juice WRLD) x Boulevard of Broken Dreams (Green Day),mgk,429825,46450,3921,2025-04-16 19:35:48+00:00,2025-04-17 14:50:46.885853,10,Music,0.10806723666608503,0.009122317222125283
She Will,Lil Wayne - Topic,320484,5160,1818,2025-04-16 04:03:10+00:00,2025-04-17 14:50:46.885861,10,Music,0.0161006477702475,0.005672670086494178
Meri Brown Tells All: Where She Stands With Kody and The Other Wives,Tamron Hall Show,154990,3183,382,2025-04-16 21:30:08+00:00,2025-04-17 14:50:46.885869,24,Entertainment,0.020536808826375895,0.0024646751403316343
i'm back... again...,Markiplier,1468859,176533,11017,2025-04-16 23:15:22+00:00,2025-04-17 14:50:46.885884,20,Gaming,0.12018376168168626,0.007500379546300904
Public School In The 90's - Part 3,brewstewfilms,284952,21414,2013,2025-04-16 22:10:11+00:00,2025-04-17 14:50:46.885897,23,Comedy,0.07514949886296639,0.007064347679609197
Trick Your Brain into Feeling Pain,William Osman,405302,31895,2634,2025-04-16 21:56:05+00:00,2025-04-17 14:50:46.885905,28,Science & Technology,0.07869440565306858,0.006498857641955875
Exclusive: Former Sister Wife Meri Brown Reunites with Tamron Hall,Tamron Hall Show,82095,2636,202,2025-04-16 21:00:42+00:00,2025-04-17 14:50:46.885913,24,Entertainment,0.032109141847859186,0.0024605639807540043
That was Inconvenient,Millennial Farmer,195461,18681,244,2025-04-16 20:02:14+00:00,2025-04-17 14:50:46.885921,22,People & Blogs,0.0955740531359197,0.001248330869073626
important announcement - gawr gura,Gawr Gura Ch. hololive-EN,2669619,235350,30185,2025-04-16 02:39:57+00:00,2025-04-17 14:50:46.885929,20,Gaming,0.08815864735754428,0.011306856896058952
HIGHLIGHTS - Real Madrid vs Arsenal | UEFA Champions League - 4tos Final 2025 | TUDN,TUDN USA,739113,7694,1250,2025-04-16 21:20:05+00:00,2025-04-17 14:50:46.885937,17,Sports,0.01040977495998582,0.0016912163633977485
JENNIE - like JENNIE - Live at Coachella 2025,Coachella,1602257,103630,3994,2025-04-16 20:59:08+00:00,2025-04-17 14:50:46.885946,10,Music,0.06467751428141677,0.002492733687542011
THE ROSES | Official Trailer | Searchlight Pictures,SearchlightPictures,2992601,8428,693,2025-04-16 13:10:58+00:00,2025-04-17 14:50:46.885954,24,Entertainment,0.0028162792166413096,0.00023157113160090503
RNB.FOEMOB - Texas [Official Music Video],RNB.FOEMOB,42519,4391,436,2025-04-16 19:00:28+00:00,2025-04-17 14:50:46.885961,10,Music,0.10327147863308168,0.010254239281262494
"United flight makes emergency landing after apparent rabbit strike, video shows engine fire",ABC 7 Chicago,70845,169,109,2025-04-16 15:26:09+00:00,2025-04-17 14:50:46.885970,25,News & Politics,0.002385489448796669,0.0015385701178629403
China Refuses to Negotiate with Trump Over Tariffs,WRAL,384018,3286,2814,2025-04-16 17:52:51+00:00,2025-04-17 14:50:46.885978,25,News & Politics,0.008556890562421553,0.007327781510241708
Mario Kart World Direct 4.17.2025,Nintendo of America,1476060,64267,12531,2025-04-17 13:22:28+00:00,2025-04-17 14:50:46.885986,20,Gaming,0.043539558012546914,0.008489492297061096
FIGHT NIGHT VLOG: Unseen Footage From Paddy The Baddy's STATEMENT WIN at UFC 314,Paddy The Baddy,647833,28336,2190,2025-04-16 14:28:50+00:00,2025-04-17 14:50:46.885994,17,Sports,0.043739667476031634,0.003380500838950779
"Colossal Squid, 1st Live Observation | Searching for New Species in the South Sandwich Islands",Schmidt Ocean,1438123,13743,695,2025-04-15 20:04:09+00:00,2025-04-17 14:50:46.886002,28,Science & Technology,0.009556206249395915,0.00048326881636688937
Inter vs. Bayern: Extended Highlights | UCL Quarter-final Leg 2 | CBS Sports Golazo,CBS Sports Golazo,747172,8069,651,2025-04-16 21:32:35+00:00,2025-04-17 14:50:46.886010,17,Sports,0.01079938755734958,0.0008712853265379324
True Facts: The Bizarre Magic of Water Walkers,Ze Frank,270641,28382,799,2025-04-16 15:00:28+00:00,2025-04-17 14:50:46.886056,15,Pets & Animals,0.10486955043766466,0.0029522503981288866
WE'RE HAVING A....,Lauren & Arie,124991,3909,347,2025-04-16 23:23:36+00:00,2025-04-17 14:50:46.886069,24,Entertainment,0.03127425174612572,0.00277619988639182
The Crew Reacts to the Warriors Win Over Memphis üò§ | NBA on TNT,NBA on TNT,694311,8669,1481,2025-04-16 05:36:29+00:00,2025-04-17 14:50:46.886078,17,Sports,0.012485759263500075,0.0021330498868662603
Jarahn - Kik Osem Kava (Audio),Jarahn,53715,1293,235,2025-04-10 12:00:31+00:00,2025-04-17 14:50:46.886086,10,Music,0.024071488411058363,0.004374941822582147
And Just Like That... Season 3 | Official Trailer | Max,Max,959668,6951,964,2025-04-15 17:03:23+00:00,2025-04-17 14:50:46.886095,24,Entertainment,0.0072431299157625344,0.0010045140611128014
LegalEagle's Devin Stone Answers Criminal Law Questions | Tech Support | WIRED,WIRED,914293,37247,2431,2025-04-15 16:00:08+00:00,2025-04-17 14:50:46.886107,24,Entertainment,0.04073858161442776,0.0026588850620096623
Mario Kart World Direct ‚Äì 17/04/2025,Nintendo UK,165804,5039,882,2025-04-17 13:26:48+00:00,2025-04-17 14:50:46.886115,20,Gaming,0.030391305396733494,0.005319533907505248
Finding Out I'm Pregnant!,Taylor & Soph,216755,9115,605,2025-04-15 21:00:05+00:00,2025-04-17 14:50:46.886127,22,People & Blogs,0.042052086457059816,0.002791169753869576
What I Saw in Antarctica,StarTalk,1589022,56169,4701,2025-04-15 18:43:08+00:00,2025-04-17 14:50:46.886135,28,Science & Technology,0.03534815754596223,0.0029584234831235815
KIOSK,Markiplier,2144185,123528,6550,2025-04-14 23:30:07+00:00,2025-04-17 14:50:46.886143,20,Gaming,0.05761070056921394,0.0030547737252149417
"First Shirt I Hit, I Watch LIVE",Chuffsters,73519,3144,401,2025-04-17 14:30:33+00:00,2025-04-17 14:50:46.886151,24,Entertainment,0.04276445544689128,0.00545437233912322
Seafood Boil Mukbang 900K Special,Slushy Noobz,543374,57704,4411,2025-04-15 21:00:23+00:00,2025-04-17 14:50:46.886159,20,Gaming,0.10619573258933994,0.008117797318237531
My next purchase (it's minimalist friendly!),The Minimal Mom,236666,13987,1895,2025-04-15 19:40:46+00:00,2025-04-17 14:50:46.886167,26,Howto & Style,0.059100166479342194,0.008007064808633264
6 GAYS VS 1 STRAIGHT (ODD ONE OUT),LARRAY,968665,64640,4595,2025-04-15 00:01:42+00:00,2025-04-17 14:50:46.886175,22,People & Blogs,0.06673101639885823,0.004743642022783935
"1,000,000 Villager MANHUNT",Grox,12811086,457978,58197,2025-04-13 18:06:55+00:00,2025-04-17 14:50:46.886183,20,Gaming,0.03574856963726573,0.004542706215538636
Overnight on Moldova's Worst Sleeper Train,Simon Wilson,285302,10917,680,2025-04-16 17:42:27+00:00,2025-04-17 14:50:46.886198,22,People & Blogs,0.0382647159851666,0.002383439302914105
"solo parenting, making sourdough & juggling 3 kids | week in the life vlog",Sarahs Day,95832,4184,185,2025-04-17 00:54:43+00:00,2025-04-17 14:50:46.886207,22,People & Blogs,0.043659737874613906,0.0019304616412054428
5 Terrible Reasons Not to Switch to Mint Mobile (and two good ones),hankschannel,533367,28803,7324,2025-04-15 22:31:06+00:00,2025-04-17 14:50:46.886218,22,People & Blogs,0.054002216110108046,0.01373163319065484
THE MOMENT ARSENAL KNOCK MADRID OUT CHAMPIONS LEAGUE,Thogden,292469,7783,517,2025-04-16 21:45:43+00:00,2025-04-17 14:50:46.886227,17,Sports,0.02661136735859185,0.001767708714427854
What if the sun suddenly went out?,xkcd's What If?,485742,34934,1756,2025-04-15 19:19:45+00:00,2025-04-17 14:50:46.886234,28,Science & Technology,0.07191883757220911,0.0036150878449876683
The New Mike Tyson? Moses Itauma ‚Äî A Teen Prodigy with Brutal Power!  ...He‚Äôs Just Getting Started!,History of Boxing EN,3955475,37752,5262,2025-04-11 23:15:33+00:00,2025-04-17 14:50:46.886242,17,Sports,0.00954423931386243,0.001330307990822847
How the U.S. Found Saddam Hussein,neo,2581649,62386,3343,2025-04-14 16:16:00+00:00,2025-04-17 14:50:46.886250,24,Entertainment,0.024165175048970637,0.0012949087966644575
"Will a CHEAP Bucket Truck still Run, Drive, and WORK after 10 YEARS??",Junkyard Digs,414533,31143,1588,2025-04-14 23:10:09+00:00,2025-04-17 14:50:46.886259,2,Autos & Vehicles,0.07512791502727165,0.003830816846909655
The Biggest Misconception In Physics,Veritasium,3946223,152925,9387,2025-04-14 16:31:04+00:00,2025-04-17 14:50:46.886266,27,Education,0.03875224486806752,0.0023787302440840268
Ken Carson - Lord Of Chaos (Official Music Video),KenCarsonVEVO,786213,36224,2816,2025-04-14 22:00:06+00:00,2025-04-17 14:50:48.131095,10,Music,0.04607402828495586,0.0035817265804559324
The Simple Secret of Runway Numbers,CGP Grey,1052456,83735,128,2025-04-14 19:47:51+00:00,2025-04-17 14:50:48.131147,24,Entertainment,0.07956152086167972,0.0001216202862637488
Eddington | Official Teaser HD | A24,A24,975705,17932,1581,2025-04-14 13:01:27+00:00,2025-04-17 14:50:48.131165,1,Film & Animation,0.018378505798371435,0.0016203668116900089
The Red Clay Strays & Zach Top - Where Corn Don't Grow (cover),Red Clay Strays,124179,3614,151,2025-04-14 22:00:06+00:00,2025-04-17 14:50:48.131179,10,Music,0.029103149485822884,0.0012159865999887259
FULL REACTION üçø Arsenal advances past Real Madrid in UEFA Champions League | ESPN FC,ESPN FC,417846,6646,2271,2025-04-16 22:29:42+00:00,2025-04-17 14:50:48.131191,17,Sports,0.01590538140846149,0.005435016728651225
King Gizzard & The Lizard Wizard - Deadstick (Official Video),King Gizzard And The Lizard Wizard,173060,10856,958,2025-04-15 12:00:08+00:00,2025-04-17 14:50:48.131203,10,Music,0.0627296891251589,0.005535652374898879
Mario Judah - Never Again [Official Music Video],Mario Judah,426454,45257,4199,2025-04-14 18:46:43+00:00,2025-04-17 14:50:48.131214,10,Music,0.10612398992622886,0.009846314022145412
üö®Mel Kiper's FINAL 2025 MOCK DRAFT!üö®üò± | First Draft üèà,NFL on ESPN,466730,5003,1452,2025-04-14 16:07:50+00:00,2025-04-17 14:50:48.131227,17,Sports,0.010719259529063913,0.003111006363422107
ARSENAL ARE RUINING MY LIFE. | Real Madrid 1-2 Arsenal Match Reaction,MAH,88948,3749,881,2025-04-16 21:41:50+00:00,2025-04-17 14:50:48.131238,17,Sports,0.04214822143274723,0.009904663398839771
"""Warfare"" Cast Wars | Who Knows the Most About Each Other?",BuzzFeed Celeb,215093,13484,458,2025-04-14 19:55:34+00:00,2025-04-17 14:50:48.131249,24,Entertainment,0.062689162362327,0.0021293115071155267
I Tested Every YouTuber Tech Product,Mrwhosetheboss,3457035,122242,7459,2025-04-14 11:18:58+00:00,2025-04-17 14:50:48.131260,28,Science & Technology,0.03536035938311299,0.0021576292979388406
"Stephen A., Shannon Sharpe & Dan-O get TENSE over Nico Iamaleava departure üçø | First Take",ESPN College Football,312169,2838,1517,2025-04-14 15:06:53+00:00,2025-04-17 14:50:48.131271,17,Sports,0.009091229430212481,0.004859547232428588
"Rory McIlroy gets emotional following Masters win, discusses sharing special moment with his caddie",CBS Sports,864082,8492,1465,2025-04-14 01:09:49+00:00,2025-04-17 14:50:48.131283,17,Sports,0.009827770975439831,0.0016954409419476391
Trapped in a TINY ROOM With My Best Friend,Jordan Matter,14202966,182189,21335,2025-04-12 14:00:07+00:00,2025-04-17 14:50:48.131294,24,Entertainment,0.012827531939455463,0.0015021510295807228
Vice President JD Vance drops Ohio State's national championship trophy at White House event,TheColumbusDispatch,125912,563,501,2025-04-14 19:47:59+00:00,2025-04-17 14:50:48.131305,17,Sports,0.004471376834614652,0.003978969438973252
Rory McIlroy‚Äôs Final Round | Every Single Shot | The 2025 Masters,The Masters,1364746,13215,802,2025-04-14 02:28:53+00:00,2025-04-17 14:50:48.131331,17,Sports,0.009683120522060515,0.000587655138758421
"Here, Tomorrow (ft Lilas, Kevin Penkin) - Spirit Blossom Beyond ‚Äò25 S2 Cinematic - League of Legends",League of Legends,5870603,103275,4102,2025-04-14 14:55:08+00:00,2025-04-17 14:50:48.131344,20,Gaming,0.017591889623604254,0.0006987357176085659
„ÄêDRAGON BALL LEGENDS„Äë LEGENDS INFORMATION - April 2025,[Global] Bandai Namco Entertainment - Mobile Games,128785,0,653,2025-04-15 14:00:06+00:00,2025-04-17 14:50:48.131354,20,Gaming,0.0,0.005070466281010987
Benson Boone (feat. Brian May) - Bohemian Rhapsody - Live at Coachella 2025,Coachella,947040,25347,1103,2025-04-15 02:12:59+00:00,2025-04-17 14:50:48.131364,10,Music,0.026764445007602635,0.0011646815340429126
"LIVE: Blue Origin launches Katy Perry, Gayle King to space",Associated Press,479866,4111,2077,2025-04-14 14:34:32+00:00,2025-04-17 14:50:48.131379,25,News & Politics,0.008566974947172753,0.0043282916480850905
8 People. 2 Beds. 6 Months at Sea... will this work?,Sailing La Vagabonde,292770,20044,1602,2025-04-14 21:01:37+00:00,2025-04-17 14:50:48.131391,19,Travel & Events,0.06846329883526317,0.005471872118044882
Saying Goodbye üíî,Rocky Kanaka,624176,35567,5895,2025-04-14 02:35:55+00:00,2025-04-17 14:50:48.131400,24,Entertainment,0.05698232549793648,0.009444451564943222
'He owes me nothing' - Benji hits back at Lachlan Galvin backlash üî• | Wests Tigers Press Conference,Fox League,126635,2025,593,2025-04-17 02:55:29+00:00,2025-04-17 14:50:48.131410,17,Sports,0.015990839815216963,0.004682749634777115
Death to Nickels,CGP Grey,1606408,114666,144,2025-04-13 22:06:57+00:00,2025-04-17 14:50:48.131419,24,Entertainment,0.07138037161169516,8.964098784368603e-05
"The Full Story: Thurston responds to ""ugly"" Leniu CONFRONTATION ü•ä I Super Saturday I Fox League",Fox League,171758,984,1053,2025-04-12 22:55:32+00:00,2025-04-17 14:50:48.131429,17,Sports,0.005728990789366434,0.006130718802035422
we need to talk...,Charlotte Dobre,898147,95850,9872,2025-04-14 16:00:14+00:00,2025-04-17 14:50:48.131438,24,Entertainment,0.10671972405408023,0.010991519205653418
Stadium Gameplay Trailer | Overwatch 2,PlayOverwatch,511204,27756,2886,2025-04-14 16:00:06+00:00,2025-04-17 14:50:48.131448,20,Gaming,0.05429534980164474,0.0056454957316452925
"NHL Highlights | Hurricanes vs. Canadiens | April 16, 2025",NHL,126028,1463,262,2025-04-17 02:06:10+00:00,2025-04-17 14:50:48.131460,17,Sports,0.011608531437458342,0.002078903100898213
How NOT To Order At An Indian Restaurant! - Trevor Noah (From 'I Wish You Would' on Netflix),Trevor Noah,2764098,102599,3848,2025-04-13 14:00:06+00:00,2025-04-17 14:50:48.131470,23,Comedy,0.037118437913561675,0.0013921358794080384
Surprising Our Friends with a DREAM Day!,Ryland vlogs,412905,19391,1502,2025-04-13 18:14:11+00:00,2025-04-17 14:50:48.131480,22,People & Blogs,0.04696237633353919,0.003637640619512963
Taskmaster Series 19 Official Trailer,Taskmaster,248439,6710,976,2025-04-16 14:00:38+00:00,2025-04-17 14:50:48.131490,23,Comedy,0.02700864196040074,0.003928529739694654
HIGHLIGHTS | WARATAHS v CHIEFS | Super Rugby Pacific 2025 | Round 9,SUPER RUGBY PACIFIC ,179339,2378,450,2025-04-11 11:51:00+00:00,2025-04-17 14:50:48.131499,17,Sports,0.013259804058236077,0.0025092143928537574
HANDCUFFED TO MY BEST-FRIEND FOR 24 HOURS!,Nidal Wonder,3691327,62895,12055,2025-04-12 14:32:06+00:00,2025-04-17 14:50:48.131509,24,Entertainment,0.017038588019972222,0.003265763233655539
I Created Minecraft's Strongest Civilization,MinuteTech,906294,31682,2308,2025-04-13 16:00:30+00:00,2025-04-17 14:50:48.131518,20,Gaming,0.03495775101677822,0.0025466349771707635
"Gayle King, all-women crew exit Blue Origin capsule after safe return to Earth",CBS Mornings,262107,1783,1523,2025-04-14 14:36:33+00:00,2025-04-17 14:50:48.131533,25,News & Politics,0.006802565364526701,0.005810604066278276
REBUILDING A WRECKED AUDI R8 I BOUGHT FOR MY FRIEND,Mat Armstrong MK2,2476763,114193,4237,2025-04-13 17:00:34+00:00,2025-04-17 14:50:48.131543,2,Autos & Vehicles,0.04610574366622886,0.0017107006201239278
Bryson DeChambeau: Rory McIlroy wouldn't talk to me on Sunday | Live From the Masters | Golf Channel,Golf Channel,305023,1805,1143,2025-04-14 02:57:32+00:00,2025-04-17 14:50:48.131554,17,Sports,0.00591758654265416,0.003747258403464657
villain tier list,SocksStudios,669245,16919,2347,2025-04-13 18:43:58+00:00,2025-04-17 14:50:48.131563,23,Comedy,0.02528072678914299,0.003506936921456268
"The 2025 Playoffs Are Set, And I'm Excited...",Kenny For Real,469324,19260,1047,2025-04-14 01:09:47+00:00,2025-04-17 14:50:48.131573,17,Sports,0.041037747909759566,0.00223086822749316
After the Winning Putt | Rory McIlroy Captures His First Masters Win,The Masters,1158933,12252,1287,2025-04-14 00:04:57+00:00,2025-04-17 14:50:48.131582,17,Sports,0.010571793192531405,0.0011105042310470062
I Beat Dead Rails with an ARMY of Werewolves,peach plays,1106896,17393,1762,2025-04-13 09:46:57+00:00,2025-04-17 14:50:48.131592,20,Gaming,0.015713310012864804,0.0015918387996704296
HIGHLIGHTS: JARON ENNIS vs. EIMANTAS STANIONIS,DAZN Boxing,683286,13407,2793,2025-04-13 11:27:22+00:00,2025-04-17 14:50:48.131601,17,Sports,0.01962135913804761,0.004087600214258744
We Opened a 5 Star Hotel,Beta Squad,5466571,165140,11000,2025-04-12 17:00:00+00:00,2025-04-17 14:50:48.131611,24,Entertainment,0.030209065244007623,0.002012230335982099
the diabolical decline of Fisch.,theholygrail75,1566128,51731,4890,2025-04-13 16:00:59+00:00,2025-04-17 14:50:48.131622,20,Gaming,0.03303114432536804,0.0031223501527333653
"Every Competition I Win, the Gymnast Gets Older",Anna McNulty,1860997,6626,1003,2025-04-12 13:00:03+00:00,2025-04-17 14:50:48.131632,24,Entertainment,0.003560457109818017,0.0005389584185251239
"""Adversity is a Privilege"" | My Recap of UFC 314",Alexander Volkanovski,351159,22406,2507,2025-04-14 19:39:24+00:00,2025-04-17 14:50:48.131642,17,Sports,0.06380585432809639,0.007139216138558317
THE LAST OF US Season 1 Recap | Must Watch Before Season 2 | Series Explained,Recap & Chill,145213,1284,96,2025-04-12 14:00:46+00:00,2025-04-17 14:50:48.131651,24,Entertainment,0.008842183551059478,0.000661097835593232
‚ÄúWelcome to the Elite!‚Äù Paddy sends title warning with BRUTAL Chandler finish | Fox Sports Australia,FOX SPORTS AUSTRALIA,682565,8246,2572,2025-04-13 04:43:39+00:00,2025-04-17 14:50:48.131661,17,Sports,0.012080900720077942,0.003768139298088827
Kendrick Lamar & SZA - luther,KendrickLamarVEVO,12204388,899345,51146,2025-04-11 16:01:32+00:00,2025-04-17 14:50:48.131671,10,Music,0.07369029893182681,0.004190787772397927
I Tested VIRAL Tiktok CANDY You Won‚Äôt Believe,HopeScope,3003945,58227,3978,2025-04-12 14:30:15+00:00,2025-04-17 14:50:48.131680,26,Howto & Style,0.01938351068345126,0.0013242585999410775
The Worst Date Of My Life,ChainsFR,1589139,87197,5657,2025-04-12 16:00:34+00:00,2025-04-17 14:50:49.331865,22,People & Blogs,0.05487059344714339,0.003559789294706127
SNEAKING NBA Legend Lou Williams Into A Park Run... (ft. Dwight Howard),D'Vontay Friga,1414539,46991,2436,2025-04-12 19:00:31+00:00,2025-04-17 14:50:49.331920,22,People & Blogs,0.03322001019413392,0.001722115827135201
Paddy Pimblett GOES OFF on Conor McGregor betting against him ‚ÄúIf he wants it HE CAN GET IT‚Äù,MMA Crazy,1131094,11683,4031,2025-04-13 06:40:08+00:00,2025-04-17 14:50:49.331938,17,Sports,0.010328938178436099,0.003563806367994172
Marathon | Reveal Cinematic Short,Marathon,1220421,85900,7262,2025-04-12 17:59:28+00:00,2025-04-17 14:50:49.331951,22,People & Blogs,0.07038554728245416,0.005950405638709921
How Not To Wear Summer Dresses Over 50: Fashion Mistakes Women Over 50 Make With Summer Dresses,Marie-Anne Lecoeur - The French Chic Expert,300119,7534,1023,2025-04-13 16:00:35+00:00,2025-04-17 14:50:49.331965,26,Howto & Style,0.025103375660987807,0.003408647902998477
Something About Mario Kart ANIMATED üöóüçÑüçÑüçÑüê¢,TerminalMontage,1813223,171536,11430,2025-04-12 15:16:27+00:00,2025-04-17 14:50:49.331979,20,Gaming,0.09460281498745604,0.0063036923754000475
Israel Adesanya & Kamaru Usman React Cage Side To The INSANE UFC 314 Pay Per View,FREESTYLEBENDER,688613,20468,1263,2025-04-13 20:20:09+00:00,2025-04-17 14:50:49.331992,17,Sports,0.029723516692249492,0.0018341216329055652
5 Lego Walkers vs 7 Obstacles,Brick Experiment Channel,2676555,25598,1185,2025-04-12 13:59:26+00:00,2025-04-17 14:50:49.332004,28,Science & Technology,0.009563786284982001,0.0004427332896204263
I Built an Invisible Bed!,Drew Dirksen,781218,8315,646,2025-04-13 16:33:05+00:00,2025-04-17 14:50:49.332017,22,People & Blogs,0.010643635963329057,0.0008269138703921313
"The ""Goat"" Who Lied to Everyone",TheOdd1sOut,2362913,130516,7178,2025-04-12 15:31:14+00:00,2025-04-17 14:50:49.332033,23,Comedy,0.055235211791547126,0.0030377758300876925
Elephant Teaches 20 Lions That He's The King,Latest Sightings,3134830,22255,3367,2025-04-11 13:58:02+00:00,2025-04-17 14:50:49.332046,15,Pets & Animals,0.0070992685408778145,0.0010740614323583736
AMP STORAGE WARS,AMP,4430901,102346,4105,2025-04-11 21:00:01+00:00,2025-04-17 14:50:49.332058,24,Entertainment,0.02309823667917654,0.0009264481422627136
Flying First Class to Our Dream Vacation!,The Royalty Family,4886966,66210,13881,2025-04-13 16:53:18+00:00,2025-04-17 14:50:49.332071,22,People & Blogs,0.013548283331621296,0.0028404126404808216
The 2025 Green Jacket Ceremony | The Masters,The Masters,1255511,13431,1767,2025-04-14 01:58:38+00:00,2025-04-17 14:50:49.332083,17,Sports,0.010697636261251395,0.001407395076586346
Marathon | Gameplay Reveal Trailer,Marathon,848914,20816,6787,2025-04-12 17:06:13+00:00,2025-04-17 14:50:49.332095,22,People & Blogs,0.024520740616835155,0.007994920569103585
"„Äé„Çπ„ÉÜ„Ç£„Éº„É´„Éª„Éú„Éº„É´„Éª„É©„É≥ „Ç∏„Éß„Ç∏„Éß„ÅÆÂ•áÂ¶ô„Å™ÂÜíÈô∫„Äè ÁâπÂ†±Êò†ÂÉèÔºè""STEEL BALL RUN JoJo‚Äôs Bizarre Adventure"" Anime Announcement trailer",Warner Bros. Japan Anime,3926777,300865,21016,2025-04-12 11:50:24+00:00,2025-04-17 14:50:49.332107,1,Film & Animation,0.07661881487031222,0.005351971858855239
KFC As A Kid VS As An Adult,Fairbairn Films,248647,13568,703,2025-04-15 08:09:52+00:00,2025-04-17 14:50:49.332120,23,Comedy,0.05456731832678456,0.002827301354932897
GRAVITY UPDATE TRAILER + FRUIT SHOWCASE | Blox Fruits,Gamer Robot,6322874,278592,79860,2025-04-12 03:59:06+00:00,2025-04-17 14:50:49.332132,20,Gaming,0.044060976068794035,0.012630332345702287
OBBY But YOU'RE A FISH! (Roblox),Cutie The Bunny,529925,375,74,2025-04-06 13:15:03+00:00,2025-04-17 14:50:49.332145,20,Gaming,0.000707647308581403,0.0001396424022267302
Dana White on Paddy Pimblett win over Michael Chandler; Volk getting belt back | Press Conference,TheMacLife,443346,5138,1227,2025-04-13 06:36:15+00:00,2025-04-17 14:50:49.332157,17,Sports,0.011589142565851501,0.0027675900989295042
Marathon | Gameplay Overview Trailer,Marathon,794278,22850,6080,2025-04-12 17:15:33+00:00,2025-04-17 14:50:49.332171,22,People & Blogs,0.02876826501552353,0.0076547506036929135
We Bought Every Ad We Saw,a bit more willne,712253,32844,1036,2025-04-15 16:00:07+00:00,2025-04-17 14:50:49.332183,23,Comedy,0.046112827885596834,0.0014545393280196784
Paris-Roubaix 2025 - Extended Highlights,Tour de France,237772,4387,176,2025-04-13 18:16:34+00:00,2025-04-17 14:50:49.332196,17,Sports,0.018450448328650976,0.000740204902175193
I Got Married!!!,Kallmekris,1337476,151127,21582,2025-04-12 16:14:30+00:00,2025-04-17 14:50:49.332208,24,Entertainment,0.11299417709177585,0.01613636431606997
"DDG, DaBaby - MOTION (Official Music Video)",DDGVEVO,949123,59288,3484,2025-04-11 19:00:06+00:00,2025-04-17 14:50:49.332220,10,Music,0.062466087114104285,0.003670757109457889
Race Highlights | 2025 Bahrain Grand Prix,FORMULA 1,5725941,112162,4081,2025-04-13 17:37:29+00:00,2025-04-17 14:50:49.332232,17,Sports,0.01958839603831056,0.0007127212802227616
Videos show shaking from 5.2 quake that struck near San Diego,KTLA 5,239445,2016,397,2025-04-14 18:53:15+00:00,2025-04-17 14:50:49.332244,25,News & Politics,0.008419470024431499,0.0016580007935016391
Morgan Wallen - Just In Case (The Shop Sessions),Morgan Wallen,680205,22937,1048,2025-04-11 17:00:08+00:00,2025-04-17 14:50:49.332256,10,Music,0.03372071654868753,0.0015407119912379356
THE POWER OF GIANT TREVALLY | island camping part 2,Reef Addicts,72076,3630,137,2025-04-15 06:00:36+00:00,2025-04-17 14:50:49.332269,24,Entertainment,0.0503635051889672,0.0019007714079582662
This Toy Carved The Nicest Table I've Ever Made.,Fortress Fine Woodworks,2697522,65819,3387,2025-04-11 18:12:11+00:00,2025-04-17 14:50:49.332288,26,Howto & Style,0.024399801002549747,0.0012555968032883513
Benny Soliven x Joe Maynor x Karen Mendoza - On Time (Official Music Video),Benny Soliven,278336,19651,1735,2025-04-12 02:29:35+00:00,2025-04-17 14:50:49.332302,10,Music,0.0706017187859278,0.006233473212232697
White Lotus' Aimee Lou Wood SLAMS SNL for Mocking Her Appearance and Accent,Entertainment Tonight,403130,2265,1535,2025-04-14 00:30:13+00:00,2025-04-17 14:50:49.332314,24,Entertainment,0.005618534963907424,0.003807704710639248
WE'RE PREGNANT!,Taylor & Soph,217336,12341,1019,2025-04-12 15:59:42+00:00,2025-04-17 14:50:49.332326,22,People & Blogs,0.05678304560680237,0.004688592778002724
I've bought the BEST Car in the WORLD!,Mat Watson Cars,1210450,42327,2544,2025-04-13 08:35:55+00:00,2025-04-17 14:50:49.332339,2,Autos & Vehicles,0.03496798711223099,0.0021016977157255565
$300 ROBOT MAKES YOUR PERFECT MAKEUP ROUTINE?,James Charles,1438641,46555,2070,2025-04-11 19:02:29+00:00,2025-04-17 14:50:49.332352,24,Entertainment,0.03236040123978116,0.0014388579221640424
"Quavo, Lil Baby - Legends",QuavoVEVO,1760841,74207,16004,2025-04-11 04:00:10+00:00,2025-04-17 14:50:49.332365,10,Music,0.04214293056556498,0.009088838799187433
Ghost - Lachryma (Official Music Video),GhostBCVEVO,3329834,169863,13223,2025-04-11 04:00:08+00:00,2025-04-17 14:50:49.332376,10,Music,0.0510124528730261,0.003971068828055693
Christian Nodal - Am√© (Video Oficial),ChristianNodalVEVO,4324216,126484,15191,2025-04-11 00:00:26+00:00,2025-04-17 14:50:49.332387,10,Music,0.029250157716450797,0.003513006750819108
Laufey Joins Brittany Broski's Royal Court,Royal Court,554680,44408,1395,2025-04-11 17:00:30+00:00,2025-04-17 14:50:49.332399,22,People & Blogs,0.08006057546693589,0.0025149635826061875
WASTE OF TIME! NEWCASTLE 4-1 MAN UNITED GOLDBRIDGE MATCH REACTION,The United Stand,357714,6863,900,2025-04-13 18:09:04+00:00,2025-04-17 14:50:49.332411,17,Sports,0.019185718199455432,0.002515976450460424
Ken Carson - Off The Meter (ft.Playboi Carti & Destroy Lonely),Ken Carson,1376037,124690,10891,2025-04-11 04:53:59+00:00,2025-04-17 14:50:49.332423,22,People & Blogs,0.09061529595497796,0.007914758106068369
OK Go - Love (Official Video),OK Go,4004426,88660,3609,2025-04-11 14:00:08+00:00,2025-04-17 14:50:49.332435,10,Music,0.022140501535051465,0.0009012527638168367
BEN STILLER | CHICKEN SHOP DATE,Amelia Dimoldenberg,1292405,50879,2025,2025-04-11 16:00:00+00:00,2025-04-17 14:50:49.332446,24,Entertainment,0.039367690468545075,0.0015668463059180366
Jessie Murph - Blue Strips (Official Visualizer),JessieMurphVEVO,358492,9922,432,2025-04-11 04:00:00+00:00,2025-04-17 14:50:49.332457,10,Music,0.027677047186548096,0.001205047811387702
McMurtry Sp√©irling: The Fastest-Ever Top Gear Lap? | Stig Laps,Top Gear,1353276,31547,3460,2025-04-11 15:00:43+00:00,2025-04-17 14:50:49.332469,2,Autos & Vehicles,0.02331157871712792,0.002556758562185393
ARGENTINA vs. BRASIL [4-1] | RESUMEN | ELIMINATORIAS SUDAMERICANAS | FECHA 14,CONMEBOL,19745441,0,16697,2025-03-26 02:57:42+00:00,2025-04-17 14:50:49.332481,17,Sports,0.0,0.0008456129189517722
We bought Land in Japan,PewDiePie,2223222,128094,5812,2025-04-11 17:01:10+00:00,2025-04-17 14:50:49.332493,20,Gaming,0.057616378391361724,0.0026142238606850776
Ronaldo scores a MAGNIFICENT brace to win it for Al Nassr üêê|Highlights presented by Visit Saudi,ÿßŸÑÿØŸàÿ±Ÿä ÿßŸÑÿ≥ÿπŸàÿØŸä ŸÑŸÑŸÖÿ≠ÿ™ÿ±ŸÅŸäŸÜ - Saudi Pro League,1024482,24444,1264,2025-04-12 20:43:44+00:00,2025-04-17 14:50:49.332504,17,Sports,0.02385986283800008,0.0012337942491912985
Jelly Roll - Dreams Don't Die,Jelly Roll,358886,19498,1240,2025-04-11 04:00:51+00:00,2025-04-17 14:50:49.332529,10,Music,0.054329229894729804,0.003455136171374754
"Ford Raptor vs $1,000,000 Raptor T1+",BigTime,533003,29354,1444,2025-04-11 15:01:38+00:00,2025-04-17 14:50:49.332546,2,Autos & Vehicles,0.05507286075312897,0.0027091779971219676
"Lana Del Rey - Henry, come on (Audio)",Lana Del Rey,2008984,195105,15006,2025-04-11 04:00:53+00:00,2025-04-17 14:50:50.586236,10,Music,0.09711625378798437,0.007469447242984513
A BRAND NEW FOOTBALL SIMULATOR!,MM7Games,604233,19907,324,2025-04-14 17:01:12+00:00,2025-04-17 14:50:50.586285,20,Gaming,0.03294590000877145,0.0005362169891416059
Ken Carson - Money Spread (Official Music Video),KenCarsonVEVO,1076008,49736,4688,2025-04-11 04:00:06+00:00,2025-04-17 14:50:50.586300,10,Music,0.04622270466390584,0.004356844930520963
Lyon vs. Man. United: Extended Highlights | UEL Quarter-final Leg 1 | CBS Sports Golazo - Europe,CBS Sports Golazo - Europe,620382,5410,2008,2025-04-10 21:31:49+00:00,2025-04-17 14:50:50.586313,17,Sports,0.008720433539335442,0.003236715443065724
Why Are Gamers UPSET With The Switch 2?!,The Act Man,623193,31901,5622,2025-04-11 22:16:24+00:00,2025-04-17 14:50:50.586324,20,Gaming,0.05118959936969767,0.009021282331476766
Jack Black - Steve's Lava Chicken (Official Music Video) | A Minecraft Movie Soundtrack | WaterTower,WaterTower Music,10734257,150685,4208,2025-04-09 18:12:30+00:00,2025-04-17 14:50:50.586336,24,Entertainment,0.01403776712258706,0.0003920159541550011
Every NEW CLASS Ranked From WORST To BEST in Dead Rails!,NotVarietyJay,690569,12820,1919,2025-04-11 23:00:38+00:00,2025-04-17 14:50:50.586346,20,Gaming,0.018564401240136755,0.002778867861140596
Paddy Pimblett Octagon Interview | UFC 314,UFC,725906,10175,1916,2025-04-13 04:37:20+00:00,2025-04-17 14:50:50.586357,17,Sports,0.014016966384077277,0.0026394602055913575
Rauw Alejandro - Carita Linda (Official Video),Rauw Alejandro,4738860,78399,2964,2025-04-11 00:00:07+00:00,2025-04-17 14:50:50.586368,10,Music,0.016543852318912144,0.0006254668844405617
GOLDBRIDGE Best Bits | Newcastle 4-1 Man United,Mark Goldbridge That's Entertainment!,238217,4953,763,2025-04-13 17:40:00+00:00,2025-04-17 14:50:50.586378,17,Sports,0.020791966988082295,0.003202962005230525
FloyyMenor - CHICA ATRACTIVA,FloyyMenor,2167331,83123,4466,2025-04-10 23:00:07+00:00,2025-04-17 14:50:50.586389,10,Music,0.03835270200998371,0.002060598957888758
Duke Dennis attempts to teach Kai Cenat & RaKai on how to do a backflip!,DukeDennis LIVE,645703,17482,848,2025-04-11 06:14:30+00:00,2025-04-17 14:50:50.586399,24,Entertainment,0.027074367007741948,0.0013132972899305099
Zillionaire Doe - Set In Stone (Official Video),Zillionaire Doe ,657472,12464,812,2025-04-10 16:59:03+00:00,2025-04-17 14:50:50.586410,22,People & Blogs,0.018957461306337,0.0012350335831792076
Alexander Volkanovski Octagon Interview | UFC 314,UFC,782767,17678,1783,2025-04-13 05:29:40+00:00,2025-04-17 14:50:50.586420,17,Sports,0.022583987316787756,0.002277817026011572
"Justin Rose proud of 2025 Masters performance, says he played 'some of the finest golf' in career",CBS Sports,98683,974,210,2025-04-14 02:44:32+00:00,2025-04-17 14:50:50.586431,17,Sports,0.009869987738516259,0.002128026103786873
The World's Fittest High School ($95k/ year),Will Tennyson,2408834,67813,3555,2025-04-10 14:01:30+00:00,2025-04-17 14:50:50.586442,22,People & Blogs,0.028151794602699894,0.001475817760792151
G Herbo - Wayback (Official Video),G Herbo,1025225,30856,1666,2025-04-09 22:15:44+00:00,2025-04-17 14:50:50.586452,10,Music,0.0300968080177522,0.0016250091443341704
A Dark Gambit | 2025 Season 1 Cinematic - League of Legends,League of Legends,2000905,116811,3762,2025-04-10 15:01:18+00:00,2025-04-17 14:50:50.586463,20,Gaming,0.05837908346473221,0.0018801492324723062
"Paddy Pimblett recaps UFC 314 win vs. Michael Chandler, post-fight exchange with Colby Covington",ESPN MMA,402155,4812,1129,2025-04-13 06:22:53+00:00,2025-04-17 14:50:50.586473,17,Sports,0.011965535676542627,0.0028073752657557407
We Modified Australia's CHEAPEST FORD FALCON V8,Mighty Car Mods,407685,19785,1166,2025-04-13 21:11:50+00:00,2025-04-17 14:50:50.586484,2,Autos & Vehicles,0.048530115162441594,0.0028600512650698456
Fortnite x Adventure Time Intro,Fortnite,1143915,27332,1637,2025-04-11 16:13:12+00:00,2025-04-17 14:50:50.586494,22,People & Blogs,0.023893383686724976,0.0014310503839883209
EVERY HERO CHANGE for Season 2: Hellfire Gala | Marvel Rivals,KarQ Marvel Rivals,292486,7806,1159,2025-04-11 11:16:11+00:00,2025-04-17 14:50:50.586505,20,Gaming,0.026688456883406386,0.003962582824477069
letting my followers CHOOSE MY NAIL SET!!,Louie's Life,182425,9109,475,2025-04-10 23:32:27+00:00,2025-04-17 14:50:50.586516,24,Entertainment,0.0499328491160751,0.0026038097848430863
Amorim On The EDGE! Delap CHOOSES Chelsea? Man Utd Transfer News,The United Stand,175255,4348,595,2025-04-14 09:56:27+00:00,2025-04-17 14:50:50.586549,17,Sports,0.024809563207897064,0.003395052922883798
3 people killed and 1 injured when plane crashes in South Florida near a major highway,9NEWS,108429,210,81,2025-04-11 22:24:44+00:00,2025-04-17 14:50:50.586562,25,News & Politics,0.0019367512381373987,0.0007470326204244252
UFC 314 Press Conference Highlights | ESPN MMA,ESPN MMA,935961,11818,2429,2025-04-10 21:52:31+00:00,2025-04-17 14:50:50.586573,17,Sports,0.012626594484171883,0.002595193603152268
Street Fighter 6 - Elena Teaser Trailer,Street Fighter,619096,30058,4019,2025-04-10 23:01:03+00:00,2025-04-17 14:50:50.586583,20,Gaming,0.048551436287748585,0.0064917234160776355
Twenty One Pilots - Doubt (demo),twenty one pilots,1792006,159070,8962,2025-04-09 21:29:01+00:00,2025-04-17 14:50:50.586607,10,Music,0.08876644386235313,0.0050010993266763615
Murderbot ‚Äî Official Trailer | Apple TV+,Apple TV,2442433,50283,3793,2025-04-09 14:59:49+00:00,2025-04-17 14:50:50.586619,24,Entertainment,0.020587258688365247,0.001552959692241302
Rory McIlroy's four-year-old daughter Poppy sinks putt at Augusta,Guardian Sport,517088,1535,138,2025-04-09 23:47:58+00:00,2025-04-17 14:50:50.586628,17,Sports,0.002968546939785878,0.0002668791385605545
ERNEST - Gettin' Gone (feat. Snoop Dogg) (Official Music Video),ERNESTVEVO,366234,14970,692,2025-04-09 17:00:03+00:00,2025-04-17 14:50:50.586638,10,Music,0.04087550582414522,0.0018895023400339673
"We Tried ""Peanut Free"" Candy",Ethan Nestor,1071784,121437,5728,2025-04-09 22:08:17+00:00,2025-04-17 14:50:50.586648,24,Entertainment,0.11330361341464325,0.005344360430833079
WE'RE HOME! *MOVING BACK TO THE UK*,Elle Swift,306463,10288,1625,2025-04-13 09:02:21+00:00,2025-04-17 14:50:50.586657,22,People & Blogs,0.03357012102602924,0.00530243455164245
"He was Attacking Everyone, Then I Found Out Why ü•∫",Rocky Kanaka,1813371,64317,4996,2025-04-09 16:22:00+00:00,2025-04-17 14:50:50.586666,24,Entertainment,0.035468197076053386,0.002755089829935518
Dana White Reacts to Paddy Pimblett BEATING Michael Chandler ‚ÄúHe‚Äôs the REAL DEAL‚Äù UFC 314 Recap,MMA Crazy,156021,1112,276,2025-04-13 06:07:15+00:00,2025-04-17 14:50:50.586675,17,Sports,0.007127245691285147,0.0017689926356067452
"""League Cup Semi-Final!"" | WE ARE YANITED #21",angryginge13,472101,13994,840,2025-04-12 11:01:31+00:00,2025-04-17 14:50:50.586684,17,Sports,0.029641962207239553,0.0017792802811262844
Sheck Wes - ILMB (ft. Travis Scott),Sheck Wes,1566280,77525,2858,2025-04-09 23:00:47+00:00,2025-04-17 14:50:50.586693,10,Music,0.04949625865107133,0.001824705672038205
I Tested Every $1 Dollar Menu (USA Edition),Calfreezy,1120441,28173,903,2025-04-10 19:21:58+00:00,2025-04-17 14:50:50.586702,24,Entertainment,0.025144563613791356,0.0008059326640135447
Calum Hood - Don't Forget You Love Me (Official Video),CalumHoodVEVO,217922,22503,2314,2025-04-10 14:00:06+00:00,2025-04-17 14:50:50.586710,10,Music,0.1032617174952506,0.010618478171088738
"LAKERS at MAVERICKS | FULL GAME HIGHLIGHTS | April 9, 2025",NBA,3066228,35039,3149,2025-04-10 02:29:29+00:00,2025-04-17 14:50:50.586719,17,Sports,0.011427395483962707,0.0010269947309854322
Paul Pierce reacts to Luka‚Äôs dominant 45-point night in his emotional return to Dallas | SPEAK,SPEAK,215285,2586,601,2025-04-10 23:53:03+00:00,2025-04-17 14:50:50.586729,17,Sports,0.012011984114081335,0.002791648280186729
ONANA TO BLAME! LYON 2-2 MAN UNITED GOLDBRIDGE MATCH REACTION,The United Stand,374817,8647,829,2025-04-10 21:41:46+00:00,2025-04-17 14:50:50.586737,17,Sports,0.02306992478996417,0.002211745998714039
"They Didn't Make Dire Wolves, They Made Something‚Ä¶Else",hankschannel,2900094,123345,17203,2025-04-09 01:28:07+00:00,2025-04-17 14:50:50.586746,22,People & Blogs,0.04253138001733737,0.005931876690893467
Tiger Woods' Long Iron Clinic With Rory McIlroy and Scottie Scheffler,TaylorMade Golf,903179,15554,643,2025-04-09 13:54:34+00:00,2025-04-17 14:50:50.586755,17,Sports,0.017221392437158083,0.0007119297503595633
Mario Kart Should Cost More,videogamedunkey,2213829,141779,6985,2025-04-09 19:30:07+00:00,2025-04-17 14:50:50.586764,20,Gaming,0.06404243507515711,0.0031551669076518556
Australian Electricity Better than UK?!,ElectroBOOM,666501,35911,4603,2025-04-10 16:01:06+00:00,2025-04-17 14:50:50.586773,28,Science & Technology,0.05387988915245438,0.006906216194724389
WE ARE DONE | FAMILY VLOG | LIFE WITH ROYALTY,LIFE WITH ROYALTY,174718,4599,645,2025-04-09 19:00:06+00:00,2025-04-17 14:50:50.586791,22,People & Blogs,0.026322416694330292,0.0036916631371696103
HIGHLIGHTS - Arsenal vs Real Madrid | UEFA Champions League - 4tos Final 24/25 | TUDN,TUDN USA,1246186,13920,1839,2025-04-08 21:11:01+00:00,2025-04-17 14:50:50.586800,17,Sports,0.01117008215467033,0.0014757026639683
I'm Sorry if my Optimism Upsets You! #TrumpTariffs,Millennial Farmer,353160,31169,2818,2025-04-09 22:38:29+00:00,2025-04-17 14:50:50.586809,22,People & Blogs,0.08825744704949598,0.007979386113942688
Ghost - Lachryma (Trailer),Ghost,224394,23914,1123,2025-04-09 16:21:23+00:00,2025-04-17 14:50:50.586819,24,Entertainment,0.10657147695571183,0.005004590140556343
